"firstname","lastname","id"
"Andy","Donaldson","998353"
"Vera","Buckley","232764"
"Braddy","Evans","905421"
"Harry","Yolanda","879114"
"Gareth","Greenfield","768343"
"Xaomi","Lee","669880"
"Perry","Wallace","034619"
"Uyi","Osmanov","549033"
"Benard","Williamson","986423"
"Frankin","Blackman","632709"
"Adamu","Abubakar","872901"
"Wallace","Jones","632198"
"Della","Harrison","631804"
"Clark","Warden","934210"
"Macrone","Ella","064727"
"Mellanie","Ladder","884352"
"Zakky","Wallace","521109"
"Shola","Tolu","438691"
"Pat","Osadolor","648923"
"Dave","Erickson","896532"
"Hilary","Duke","435612"
"Muyiwa","Kunle","457092"
"Edna","Arrowwalk","228419"
"Fiona","Dosumu","783520"
"Emeka","Okoli","621906"
"Green","Harrison","773259"
"Katty","Morrison","721467"
"Gary","Dave","904362"
"Veronica","Patrick","989075"
"Lucy","Whiteman","468433"
"George","Pennywise","035252"
"Ronny","Clipper", "329817"
"Jerry","Crown","774201"
"Berty","Vandos","908428"
"Helena","Kerry","523150"
"Pius","Kennedy","118930"
"Wale","Jerome","972063"
"Donatus","Natty","610293"
"Lara","Emeka","819283"
"Yolanda","Roman","712937"